{"file_hashes":[{"block_hashes":["CmfNNWFUu1t7+KrusVV1rVLqprpRAvOBtQa9IcEHlXo="],"block_size":4096,"path":"background/crx-download.js"},{"block_hashes":["KdFR8vvwLDc2+0/VYUVuii1C2+v9A8gLPwfSjubmc8U="],"block_size":4096,"path":"background/index.html"},{"block_hashes":["gnwv69uvzozCQBuGzTWChbDQloAsrpyU0sDWwtXPlyk=","ollMqnAB18AwNTiKi9SJmWzWLodygh/54oQxNGvng9s="],"block_size":4096,"path":"background/index.js"},{"block_hashes":["0/ik1+lL/jMWHhymBBpwWoxIz58kmi4q4IOoglglmk8="],"block_size":4096,"path":"background/menu.js"},{"block_hashes":["hCk5G8B3GXjJLe4OF2zqQpedj6pj7Wjty8a5NgiH2fw=","PgCXDvFYma1+EZRgsZ55NXmJ5Y860dLjPgf0akJ7CeE=","Hfpgbfo+dDVSSGJomxZRIAjMCrfYv0o9PD95onw9fUo=","AO+Mei2SMgcdKCPcBDS90ZiEFiulo4ZfEz71wpPG/kA="],"block_size":4096,"path":"dynamic/awesome.js"},{"block_hashes":["vymdUuG8x/XDJIZmWW5pR8QEhyJ/7+LvEEbptLlSEdo="],"block_size":4096,"path":"dynamic/index.html"},{"block_hashes":["KritHlyIioZeNwVvdDP/JaWbMOnsSrPoA4hZrVEVe7Q="],"block_size":4096,"path":"dynamic/index.js"},{"block_hashes":["3YC7hmWtTkPQYFQ/S/Zc44iwY9mXLCUfMnC030QHjws=","xOrqj3Qf+FT4CEWlsrKFkbkedycU8Oj7rp042yqMT7s="],"block_size":4096,"path":"json-format/content-script.css"},{"block_hashes":["HH382hz6AVVPjTXslkChkvp4336R+X8+TTP2q/mVCcM=","TKj1XHLjjIHli1bFeyqrH45IQB7/SHTZZ7vXhvizlAg=","IO1Cgu1FYuRM6mPtQLUaqNmBZ+G54nq9L/jN3Fwgjjs=","sfWsXIhdq/wTccH3+yUsChVFc7tnLInsiGb2y2dykmw=","bEPAbQ3+LCU56ZSJVioewdocV8ce+ozasi4xU+8z2G8=","ZCkQNV5DxeEknGv/DieF2KEFmF52xmP7dkoXtXLUCPs=","hEPW13xp917TXA2mXVBRwEwEhvh1rTnMHz7iogD+ZtU=","73JU8gjI1AqRO4Y0b/XLl+Iver9P/XeXCdoXO/GK3nM=","4I2UiFcWO3M6CwB83OHX1HNXEIK6UPd5BjX/iBfUZ2M=","1/e+VKCa5d4idvkoKPERqm8pZsSGT0ILU7mP1TRFUs8=","GY2FWKERj8senJN6SkOBw9ggZlV8aXUgUpRkd4TvYpE="],"block_size":4096,"path":"json-format/content-script.js"},{"block_hashes":["uf8iGdM39QaNlYJmow3yewLo4TSOB9rLUsHBL8IUhSs=","Cd63rHnER7Dy1bQ9veobC3Efs25qdEDuMLsgjYjh1g4=","YaPQINYKpy8q89IcI/mJGLGfayUWR1asZiJEwZGKRpk=","nA+Mws9Wqu6ydkz9eJhjDxpjGZl5NCmKh767Hgpk2Ws=","3Rrnovk2+WcV6eg5XHNTil/C+Bs+Dkuqv1DwP2fYoyM=","kHxNdLAgNKP7YMbSWg8Wf8rxhpvOBSnibSVngngevus=","qa1DFJCZRGF5wsYO7HMqNAGktEYQccIjIZ+fmNm+Ubo=","TN/K9rm8qsEuC00VUoF3yF9E9n8Moc4IqhkjEhS+/gI=","7MJZCJ89rJMYW741uQb+afA9teu0A3YBu1OrJ3rnQzA=","EVFrt6D/IeoVAKr/HKKZjl59TMMBxZ3K5OX0S312rsA=","B0s7VrBOdMQcbgeH+MydwIeBlrr7WwvDdSnlxb4fo9g=","JYzDQ5VkmNqDSb4l1wAj41oJN72On4USQCGcAGakkKg=","LAoVJsZvXHuTbIrEaBdelc34CwvHskvR630fjbS5t4A=","XdHrJFkuIG5sryrzg6qJBtuLQqDzIIIgoILMXcrx0Kw=","gl0reCYKSSHbHRCH1pJ/ohiXAI6DPDSTwf14vWKsWvQ=","O5qO2W1v0ZwthXoQc6AimZZWfbXGj9K4jeVZ5xOhbQ8=","Oi6HkBrRrVUEP+u7x3w3sLtGUtfon5rUrs/89Kl79g4=","YT68Ng+Xn+VfQbzOIvvsxdnv0aPZHyYCLE6Excj8Kag=","7smih9LD2MY/hWpGzXKHVHBvhkr4A8P2tYWn1AUIhvo=","FdsRMFoq0Zinp0JJtKEi9Df8iuKczkZ09lrnlOT14vc=","aeVp7vd5YGAxcmBXxa/hNiHpRkzNoAHFKgySp8Zf5FI=","XH7mTl+lmwqA5HH+Ff1Jkl81od6u8toENhHcWBOjOnQ=","UkK89iswq1kjVH03dCzFNzmyltnm/e7cuwMLk8x86Zk=","gcJYHyTnri15JN/LPszKS4XWFvcA9DXP/VE8wLGQn4k=","qpWwZc3QMSm5cx/jmL1ZWDqZHu1JCtqRW+EMeVIJO14=","bQk536oq2Mwsy9o7o3TZzexpGVHpUuqn6o4OPlOmx+M=","5IuQS0b3kiqEHy1HUkoujtjDEaDD6fpS/9EQguAuUjw=","tALkDiywmnZ50xnxPfiJ/SV5fEOOv0unOfyR432DsQo=","N6+V2B8/hmQ0ksOouviRqTnbgFI3pG+y+FU4l+SVUds=","dDW4n55Wkg+TCfZsET4op+JG0QFb3la2Ed27cL3yUWo=","/5JNwKdYhZNqYO2RHoZsyWf1LUULpD/FXzsNSM9TMLM=","l20w7/5zuJrycuTarorJ7lV/V0qjsaU+N5S81Krh7Qo="],"block_size":4096,"path":"json-format/index.css"},{"block_hashes":["60KWuf8MlXf9wshGk8GtVY2oHN98lBlXNeeV89IM7oc="],"block_size":4096,"path":"json-format/index.html"},{"block_hashes":["2/qMeOVqtW2KoKXOp+xZoXgtTCuXlUoCgZXIYSE5IF0=","4AZF0xK4wZXK3wXgFx3ldEG9gsmp7fCE8U9tOIdJHEo="],"block_size":4096,"path":"json-format/index.js"},{"block_hashes":["j1vSuOJQtVNvtECy7/saj27RUfTuIUiEWby9bf0zb1Y=","1f930L0Euph/e8pFS9SOxDkUZRq/j8AoCbAIgHD/Lx8=","QQ1zSdeLO0r5wlAisbYUkF99rYHCMxlUKZLKx7yxXn4=","hkokoLgoW6DyonwYBvsknGwP7gkHf9RfFVc0MskAoJo=","QJ40tHN3NCnDz8Hb3f1ToQe3XNnMT18wQ6yMgaCm6ic=","kjbp2vbzr+CgpFvesJyB6HJ/2aLLt14wEtmL9ggdZOQ=","DM7g9KsDr7UPHw3YZYb7yO0alHTnyS46VuTUVoFAb7M=","jJ42UooS1xBTcZl3Bd/CGqDvr/UeCdSZxeunHVjd8sk=","xEVZv6LD6JR+a8dsxWUu8A/SoCSWmO3J8JvWuZQ6OPU=","KAyXjfHkZbUvLQgkTUqjd6+cUIbyHClQZmL/QIrPRME=","nkk4pXgfP/1ry1Z3tqkvCSjYSX48qAQY2r0cxINNsm8=","W7xhfqiMaYVzBCuUsZ69KvL7OamR/fvya5EgBXZx4FY=","9eszkUir/mtWx3rM5wKoxxMwQbBV/Q2D3cBB+5FA0b8=","nis8SExA1YznUO/RkyGUsQDMBUMQJmXZeIrb2uRaBAQ=","0pN9XKauCPTDbaRTc1Rffg8UoXrSt6prTSAG0dTsdMk=","PFluo4CnuaqaLxukHCe0Ln8VDJ4ogvHgCnVNy6k/b1A=","VfIK7GmBZyhX5tqMPiTxilJ7crL2oMKSjMxCqLcxaQY=","42Bl/iwOqU4xVuBd7jUEUdDCXzCTejI1qDvu0EV8Cuw=","7L1r2MRLqkVE4lFG9YyikqZAtvCL7hJQ8feIZ0+EcKg="],"block_size":4096,"path":"json-format/json-demo.jpg"},{"block_hashes":["/5QSlehVi1+AUm4frDH4su4ndiheW70hfULU2mErleE=","nADM0cvwgnDXc85QZdzlpXxQ/lFLlLIw5TGrLGIMibQ=","O4XlDCk6dWFWbuxHc+FaUV9LaHd4YfuZbG8Go1QgZx0="],"block_size":4096,"path":"json-format/json-lint.js"},{"block_hashes":["zIXMfLhLxiPpzPAuq2Wv75KhaJuTk3hHxcB6Ck5Pl0Y="],"block_size":4096,"path":"options/coffee.png"},{"block_hashes":["1bLrQeM5mO18rPJOulaPV0kPiI6pdx44/h0T1A+PQUE=","IwJTTN/aC6SYG//OTQSsCaTpWIPD80vKFHIQGwfZbF8=","DHLyHRcroUSfylxDMEBHcIpJ2Ajhdd3Nvl7fgni5oi8=","OL/9jcsTRpZrHYNU8ERNPwbQcxqk8FSeN1KIALavihk=","+SUSnN0Z6lBGk+GkBQjkf1Y8kEclo/ZZNGoDWWT6Cdc=","W1I468y0vDnaeNUkkAuDdj67+S3aA6B6IO3hadVpWfo=","c9ABPqP75M1VOyhyS3n0amvIHlPR5ibB6ceIxneDvFA=","lwfBynF2rbZGHzpo8ZNOpPzS8b/rjJTzJty6uSgdHU0=","bzVYCe/Sr2UwcUYj56VSoQ2EoBSKi8B+M9sMA/0V5CM=","CaKFQHdVh2uuUkHYIxYjjjOl1vzX8HZgLM3mFEYodHs=","hEHF4PsUgjv1/eodaNTRDl3kvUv2Th50/EA0CwX87iw=","UGNPZ7oFQfDkONcKmH1sG4Fn6YqtObc6iotBaXrRHXo="],"block_size":4096,"path":"options/donate.jpeg"},{"block_hashes":["6ceFUpYen03O+mzBqTc/US1qGz9sOAyWOLHeTzl+HVA=","1G1y6AFL234o95EZ8DhmDE1gLu1gzoQ/blrWhXdlNPs=","EddAbeKe9rQwNBhe5b8Yuhc4e7UtTmYknEYWSdgwjZc=","cTVJViggwYRZX0Y2JQDD/+H9CCdJrb7DLvO9z87JrW8=","gpvCtzyvxM4SioeWSbUr01dvbKUm3hnvRxmmWb3V+gU=","Sl3HIIrSTqA64L1sC58DZipNMFBhWVnVvQOtsEHZNk0=","ySi+3c/6jLq07TpFUnLKd4Az6dC0Kgy48ovxQESr+dk=","SgbGH4AqeM+dhOWKAyKAMo5dbm0G6MJPr2g4JWN8ofo=","LnEWVPy9IeLhj65B84UD7odOL49ZUOWQJ0QVw5SCdVE=","+35W1Lzehnn/WXgw3ftkvjiiv5JA5cuhxGr1lmbVQIY=","OUKEh8GCUoUHE1TxlXp6kYjjbg8PEyhddwC/beU6PGM=","RU59ZGVlv1iqKmRwhEsQSMZIS7a7eRZE6l+2hKTNny8=","x/V5FjLU3pOX1cKLbiS9bLt6L2sVpT2AB4Mw7EQCN88=","QaosVEtdBggoKlooCVmJKLcTSSEk3QCWqZtdl0z0YLk=","Sk37EKcHpZZxvzZWtTTa4ehlVbtpHngEklD4uQDMKN8=","oBE3DaALkXtYjofHhYvkxlGsTpG5OihReLkAWILIZnw=","vM0KHRogynWMnU40CwN5/bvZyebD+tZxu0BdILMYbCM=","X88rb0r7LXN9evv7eGvzgg0XUB9nW92kmE0TWmjYMB0=","T1s06+0SSvVlnDsAzbTlbwswoFWps1glrYybr5qpWSs=","VAYKiCz3n/C/jLgNcAiCpVGBAj8MFDPwwdHAzkJk/6U=","Woe2KpARX3xjkA47Hl+KMLo30fkElKo9AIPbH9on1rE=","IhXskI3zP5+GuUFW/hmCS1G/JAMh5XRVV5rVYrzVR3w=","H6/QwTmoqBIn+y7a5aY93Cx45+tPzzlOHs/nEiFfbow=","GSp7SQonia0oZAPbzR6OQHTL9ibR0x4tTEjI+GQ62o4=","1SUy6Aqc7q6ePdcGduooXmg1yT7XrvVPuJRFnjDNpis=","13ckN7P9HruKSPU6ly19K6VZaaWPhSy0pwB25KkwM1o=","mD1pTlZyKkrG/RyaRTS1nxHG7ApI1xbeqsdY20PIL44=","yG2FvaB/EGcAw7ThjhD/vvacNNTzlYMfiwHP9xWLlIg=","Xb9hWtn1zti8OB78iyX2oM7RnNKmR07464D1NavFFwU="],"block_size":4096,"path":"options/index.css"},{"block_hashes":["73XuG56HQP8MPoOukGoYOd55YNoqcti/ogacizA3xco=","Igj0+iKYxcRTYc2t8GyW36jJ88mDgNHngVu2Nz8CLtU="],"block_size":4096,"path":"options/index.html"},{"block_hashes":["oQaKYZsTsqYFt8Tt7uM48IGoBqcZd2+By6a8eNptUp4=","m3Cc4Eft3F6OUz2Zoj44LEn2aKrhlxm8T74grtYxHNk="],"block_size":4096,"path":"options/index.js"},{"block_hashes":["EJIcLCQHrby+KqcqCfK0UPVUkJ5468KmGBvZ///50nE="],"block_size":4096,"path":"options/settings.js"},{"block_hashes":["brJlhjKfRuAT+Tqh0D+QuTmznfRGaqNn71DE+iPT4pM="],"block_size":4096,"path":"popup/index.css"},{"block_hashes":["e7dZkQ2lO2j2d2MS0aj6bhmN57j8Nbagoyc/8XyXAZw="],"block_size":4096,"path":"popup/index.html"},{"block_hashes":["pXAzhKT5gUkEfDg2CbWVK4cOJOdimUAiQldmFnrH8rU="],"block_size":4096,"path":"popup/index.js"},{"block_hashes":["LNyt2ay6Il77cR6gAVrxHJ9qF304Kmfu9qXu5+XJYt4=","Xmam/fmjrRvZ/4plhH1grke1kVKWo9frGnmP4VfBLFI="],"block_size":4096,"path":"popup/ui-icons.png"},{"block_hashes":["4rYNN9bgmitodEGksHh1bnJWhEG2jT2ozb1oBZS8LFU="],"block_size":4096,"path":"static/js/common.js"},{"block_hashes":["bovtIBHWW/11diaW1K5X5BJVYB6Tzm1oTLC+b8FiU/0="],"block_size":4096,"path":"static/js/dark-mode.js"},{"block_hashes":["u4DCy764F96tMhKIpmBUDjKXcbGgMBj9RdKyvec3O9s="],"block_size":4096,"path":"static/vendor/codemirror/active-line.js"},{"block_hashes":["fiusAVFeVSHR041hF6xRGUoGgEQs5YezzFvd4rTsyQo=","vTVr4C3/7p2SLNJSqWoW+BLGJjOmxBhFfnhUUI414H0=","oXBG7ZmXQC4mhMC5R8KLnkjWAiVbjplGXey2AGay2dg=","jaYYaHLUvP7hmNxURKZrOjB9OHNGiTDwexnIcRO7NYA=","gVoEKTYDi1RT3cDsJNDy+ioxHplxwFd9w+Y5VLkuQ4E=","xiRCrhwyzH29Vrz7n1GTM4XhQwa3Vy9I/TWpPIJnBMg=","FJrKuW3YW64RD/+TWaSdwZw07B/v+6eHp/gRor9TZ6I=","lB7I0EXNMfKRHRhDshyykfll+9QlUfHGdYA51SjSOmc=","sHEYX9cHI9kYQroceaBd4iWRLC97b/9rpgSrTnxvDcY=","UFm/p7pGLWDAwbJbF7w++WRMpn7s2/PZOyyyN6sdAQE=","j1i8FUwLERQFjy7u+hJPfDmn/f5Z8TOza2tQfXbmEw4=","8Y+ozY+7T2SRLpRXsQJcdb34nS5M1HUCB+48vksb3Us=","8mgpdBj0Zi0kQTUItTdpEDnOdYjs57+ESpgremFw728=","4HtfKTgPvZbYt0G9Of7lYXlKBNxbvSWU6zdwmDuWaGc=","7WNe24rOknuvPG/T5b5KmCd81++ftAxTzdgTnucRu60=","HpVFaP1I355hA02tjLsZqIXSZhiWiE3zucSJrYtdgJ4=","Jc21oInyEONZ1LJFrMZT/HSYlpqWp2OTegjta0vOwu0=","n61FP7SwNkgV7dP4FwlV0rlFqTdAOM9snnoN/hasxuI=","Aj8zPuOE8G+ouBbfGs7zB5buxORZstxIGcdpJqapIBU=","Xx/kXufwDlQIA1ETrp4UKV4c7v5fKqNeMoSy5Ziwcq4=","1jKlVqeNoFNHupINOuD2zKTgAjxne192BW5CQCCEnUE=","2ZU0+Yeas5M4oZHIVmy69UO7srjWNPwABOQPhBoi8Kk=","qCu0GvCKe+7NFACeW7LWEOiJV+2uG9VTvMmv+myfNV4=","ms1JqxaEOkKxxEecFPpb1UkThk+dSnnbkujSAcCn730=","FNkqPRxPcmY7EfTi5cKUn3Emkfsepf9iE7otQhzuMmw=","peXuSx+85jOelHfCCQdQfbPwmFBceZdqniHVUCVW3gU=","ggbK+fu6JzAxwRs+UCxQZuHStcPo7qRqfYjpZOSM4eg=","TKGR/+5jivcccjWPfrctLQGq11p+N3Q64puuRa42yrk=","TDl3/FS1OgrYTLYIV4i6XDVdMRrdD6G7oq11BT3C6OE=","IDBqL925syAxkmCkpnwtPpviz91YSzZeGn4K47zuKCg=","Ju4ZNMJmrsj1bU86eHGhWFJBdp9nSuH+wpluoxwtdNQ=","yONb0E4zmsKRHAAgNq3O1Mg9J+0kkSeLIcycTdDw6WM=","1Wh4rWkAzc2yYONof4/Ui7qsXTRDH+i9bP+qQikpGMg=","oaDvyBR21kCSGIqUGdNqlnROnlbSQy4/ALrW+uheFCQ=","PvWWceM2e5L7Lyfwe1jU+MHjowuAeQlYvr5NpzJjLU0=","ahCFvOIBwKq85D21/zaGz5NM/5c0nhXlApjCC7x5ydY=","XBxhew6XekCBJnBGDYIpSNVLsvnlS90NuI8ShEXcg5M=","FNp2YNohzajwlurIkW4ai06POaNXXGi2EacQyH7T2vI=","qZwwA9t5W+k/VN5y63DQts1l2bCH4pr3TJMtnXBbv3g=","oh3TcSd/xyCym9RQ9dTf3+WuJYxEnI5WmZA7HjEKgek=","DUnng6DG1Fi68PQZ8B67HGD1PIzFUBk4DugWUECb2bI="],"block_size":4096,"path":"static/vendor/codemirror/codemirror.js"},{"block_hashes":["11Wu5pH2K7mb38IxkKI/VxPJOIFQZReETKLsBH4y9Tc=","BZdSs7Sj25CFUI239P9W/ycOL3ahFjcpFpSA1Vcoaj8=","DgNCI2houPJ91amkKkkZ4EdTiXOkQ13NUdkDObQwzy0=","fmlCe9OYA0isPwBSfnHUHhIRM/yeFenb4JcG5hrFlJw="],"block_size":4096,"path":"static/vendor/codemirror/javascript.js"},{"block_hashes":["9+DOUaTbHVjmNFlq0ql1737/82OYPj2MgLoe4vhXARU="],"block_size":4096,"path":"static/vendor/codemirror/matchbrackets.js"},{"block_hashes":["pM+1Pr1I8Lsa45d46n7MFXIkj3Vy2GH662hVfGeCg2A="],"block_size":4096,"path":"static/vendor/codemirror/placeholder.js"},{"block_hashes":["wmpeo2Rk4NJjiXm3FvbsLZsgHTlzKbd07KD4eQreN0c=","udJsWzVDcEADjOYX1ggvX/a6nBR92nlHxZCKzMOXk0s=","4+eVD9wnxl3vyeC89NpiPHaEZJlVpFv1LPZq5EAc+5E=","6B5Ienl56rqsjEzZZy9Wozon0K/D2Lr0Zq4VXZm3imM=","ZbqvV2PKodK7LZeRl6ZL2vxUgXH97dhnlpOVgS5ArGw=","8AgbeuAbAHm9rk74749jtf3znFu2J37CaI5z3dRvlTU=","bH2RKiww/IXMRcxcj6q2B6ZqN+fXP5IKFF1KFkzL/Ws=","X/vvc8OP2qioiX95a6iZrAOzrgu/NGucWQ5TjFC0yWA=","I7shNvDBYL7qXwOUZyv7BnTNGfhydcYmfw4Wxn7S5Dg=","f/ILJGSx8/QbN+5Z63XwXKQQA8uLbGustbrLkmhd/x0=","VX+0LY2rTHHfF65e8rzF++O2jNq++q+Lfy9K+LvGQuY=","9Yo0M0R0Nc92Z8tN3mcFnB0QbJRHvCQ+5gmlCVXlEF8=","W07nq2o2XZPlWJVk8eglkoRG0GlHdzggr7dZGePvXaw=","+vYHAKMUi0/SPZdPT1DVQhtPOEOQAgEXHoCCo0CLY8Q=","HJ/aVJbOOmQyXlUTbyj2Q8Clrfiit/WFrHMUOGjlhzE=","jirFo2081RO7zVOgyREjxXAyDp8OaV9MQ5ZIasxLQqw=","5t/WaJFkbZF0EmGaoIdaDFYJxiUQ9LuiiSBmdU0rcXA=","AX/GH3scsWGhSugGmRqYDwf9PPkH2nr+qICH/0UZ+XU=","lO8ak8FNYv5hHzDthXC3kgs+5dMTkeumiPzNJ7FoXfg=","OEQSZPVWIzqk+Cb4EeFnhp5Fh8Zjyp1woG7jVCfOwmk=","IxWl7by5LcoM375acnesSjvnoneG62sTdgm1MOziifU=","Omx+pnMV1LCc9suPRAeEjKn7fOC9qHsXhBs2Wi7HypM="],"block_size":4096,"path":"static/vendor/jquery/jquery-3.3.1.min.js"},{"block_hashes":["qSvYirbaqmO3pTVYxzhaLAbtmwvyLjbF4zQyx2MvWKA=","8/kZUOUnIT/dkmxPaAXTQd8Momt0UlXFCiCbikG6edw=","OsvMNjevwVI18h62AfwYtBwETKxsctx115ptwql13QM=","NmywTh8fE3qK4HoYsHQ5tFP2plIo2hjhUE2ngjCsMWs=","AY+j0evBD0swMb5kUIZromekqvjdevhb4ualcfdRrBA=","CO44AA2T1HNgy1cUWicwOXTm/Sqr5Lt/5l2W1i0bEB8=","xeLZeRsl6/19zr5Oto0ZVR0kencJNCjTGc1g/Et6r0U=","aBkA/DDwJWEj2GdlnW3KMYUNcPB01Pz2k9eRd36V7SE=","raoQbL5EaJAHD6XZjuDLqrM2VYUXiIEeJ+mqRyI/sjE=","S/DjWVFhOcL0LnuSCSUz1vUzHkHSFdQsJhtAtOAQ2Ow=","S62pGrAvmwhekKCVF0bSHxlbyA17rrJ6Sq2Fb/avpKQ=","qHkaksHfnGtOM5cuHvtdOpMXiPrOy8MD18M3bFowZ8c=","Wz71URNkMZTzpDOZj4xTVUyRXKZwkmgIAyoc29xyvns=","FN2/IHuT4CFhno6vxkEP9A+97liHVRrf+D5wJSvGT30=","KfhQhk5JXEfDCv99yVUzYRB9j77JvVAnaI+JF0bRwgs=","TzYs3ZBhv0guiPLBt+MTc+biV0WcIPg+nxTCoVN+9kY=","9JFjNJrkNheZN/qjb7V6g2X87YjOiOPXs6/6WvaP26c=","RdliBO1E7r17RANLLDMq09mIAjthePqGFYN7O9IRNc4=","SL+iSILgrRqTicoxWisc5snieMHsFHZyZXKmJucm3Ss=","Nkqrp4n43RMiz5UmQRPlM6vw5LA10H9b9IQUf06ncIA=","Mpy6iwne4f7H9jEPxReOYfciRuHLXB5HcBkCO8E/66A=","o50jqOQKHF0/7VRtL3ShTF42euYmtL8JaYeJexnMkoM="],"block_size":4096,"path":"static/vendor/vue/vue.js"}],"version":2}